{"cameraMode":{"drawMode":0,"name":"Shaded","section":"Shading Mode"},"sceneLighting":false,"audioPlay":false,"sceneViewState":{"m_AlwaysRefresh":false,"showFog":true,"showSkybox":false,"showFlares":true,"showImageEffects":true,"showParticleSystems":true,"showVisualEffectGraphs":true,"m_FxEnabled":true},"in2DMode":false,"pivot":{"x":10.084823608398438,"y":0.653109073638916,"z":-71.57498168945313},"rotation":{"x":-0.4760608673095703,"y":-0.030855046585202218,"z":0.016716914251446725,"w":-0.8787184357643127},"size":124.5450210571289,"orthographic":true}