{"cameraMode":{"drawMode":0,"name":"Shaded","section":"Shading Mode"},"sceneLighting":false,"audioPlay":false,"sceneViewState":{"m_AlwaysRefresh":false,"showFog":true,"showSkybox":false,"showFlares":true,"showImageEffects":true,"showParticleSystems":true,"showVisualEffectGraphs":true,"m_FxEnabled":true},"in2DMode":false,"pivot":{"x":-0.6676559448242188,"y":4.294796943664551,"z":-6.596586227416992},"rotation":{"x":-0.4760608673095703,"y":-0.030855046585202218,"z":0.016716914251446725,"w":-0.8787184357643127},"size":101.16423034667969,"orthographic":true}