{"cameraMode":{"drawMode":0,"name":"Shaded","section":"Shading Mode"},"sceneLighting":false,"audioPlay":false,"sceneViewState":{"m_AlwaysRefresh":false,"showFog":true,"showSkybox":false,"showFlares":true,"showImageEffects":true,"showParticleSystems":true,"showVisualEffectGraphs":true,"m_FxEnabled":true},"in2DMode":false,"pivot":{"x":0.08693599700927735,"y":-0.014086246490478516,"z":34.15999984741211},"rotation":{"x":0.7143568396568298,"y":0.013642181642353535,"z":-0.013931741937994957,"w":0.6995105147361755},"size":9.441441535949707,"orthographic":true}